Link, Text
https://medium.com, Homepage
https://lukns.com/lost-in-antarctica-eef8fa970949?source=placement_card_footer_grid---------0-31, 
https://lukns.com/@ryanluikens, 
https://lukns.com/@ryanluikens?source=placement_card_footer_grid---------0-31, LUKNS
https://thecoffeelicious.com/lost-in-conversation-596d1a826429?source=placement_card_footer_grid---------1-31, 
https://thecoffeelicious.com/@MerzaOmar, 
https://thecoffeelicious.com/@MerzaOmar?source=placement_card_footer_grid---------1-31, Omar Merza
https://stuff.life/the-lost-photographs-of-penang-3f942a018492?source=placement_card_footer_grid---------2-31, 
https://stuff.life/@anthonyted, 
https://stuff.life/@anthonyted?source=placement_card_footer_grid---------2-31, Ted Anthony
https://medium.com/m/signin?redirect=https%3A%2F%2Fmedium.com%2F, Sign in / Sign up
https://medium.com/search, 
https://medium.com/m/app, Get started
https://medium.com/topic/popular, Popular on Medium
https://medium.com/topic/members, Members only
https://medium.com/topic/editors-picks, Handpicked by Medium staff
https://medium.com/topic/technology, Technology
https://medium.com/topic/life, Life
https://medium.com/topic/culture, Culture
https://medium.com/topic/work, Work
https://medium.com/topic/digital-design, Digital Design
https://medium.com/topic/politics, Politics
https://medium.com/browse/bookmarks, Bookmarks
/topic/popular, Popular on Medium
https://medium.com/personal-growth/the-purpose-of-life-is-to-be-a-nobody-72ceeb078373?source=reading_list---4------0-----------, The Purpose of Life is to Be a Nobody
https://medium.com/@ztrana, 
https://m.signalvnoise.com/for-sale-baby-shoes-never-worn-fc209e2b6284?source=reading_list---4------1-----------, For sale: baby shoes, never worn
https://m.signalvnoise.com/@wailinwong, 
https://medium.freecodecamp.com/after-building-my-first-react-native-app-im-now-convinced-it-s-the-future-d3c5e74f8fa8?source=reading_list---4------2-----------, After building my first React Native app, I‚Äôm now convinced it‚Äôs the future.
https://medium.freecodecamp.com/@twm013, 
https://medium.com/personal-growth/i-am-32-and-i-do-not-have-my-shit-together-14c8a177609e?source=reading_list---4------3-----------, I am 32 and I do not have my shit together.
https://medium.com/@jessicasemaan, 
/topic/members, Members only
https://medium.com/@jenniferdoleac/do-databases-of-criminal-offenders-help-reduce-crime-da38fed35a5e?source=reading_list---4------0-----------, Do Databases of Criminal Offenders Help Reduce Crime?
https://medium.com/@jenniferdoleac, 
https://medium.com/@laskyjoshua/expensive-public-transportation-projects-wont-survive-the-shift-to-autonomous-vehicles-d45e926e8460?source=reading_list---4------1-----------, Expensive Public Transportation Projects Won‚Äôt Survive the Shift to Autonomous Vehicles
https://medium.com/@laskyjoshua, 
https://medium.com/@drmdhumphries/how-your-brain-decides-what-youre-seeing-b9729670ec6d?source=reading_list---4------2-----------, How Your Brain Decides What You‚Äôre Seeing
https://medium.com/@drmdhumphries, 
https://medium.com/@jmruddock/the-house-committee-on-pseudo-science-5dea1778c084?source=reading_list---4------3-----------, The House Committee on Pseudo-Science
https://medium.com/@jmruddock, 
/topic/editors-picks, Handpicked by Medium staff
https://thehairpin.com/how-women-learned-to-love-chocolate-b6e8dfd9d395?source=reading_list---4------0-----------, How Women Learned To Love Chocolate
https://thehairpin.com/@megangiller, 
https://medium.com/@kivabay/men-who-try-to-kill-me-703a526ee152?source=reading_list---4------1-----------, Men Who Try To Kill Me
https://medium.com/@kivabay, 
https://medium.com/@fdanglo/slaverys-presence-in-public-history-how-to-effectively-discuss-the-past-in-the-present-cc6cc3d03c48?source=reading_list---4------2-----------, Slavery‚Äôs Presence in Public History : How to Effectively Discuss the Past in the Present
https://medium.com/@fdanglo, 
https://medium.com/trykecultivator/if-youre-buying-your-weed-solely-based-on-the-thc-level-you-re-doing-it-wrong-ec5422d4ddfd?source=reading_list---4------3-----------, If You‚Äôre Buying Your Weed Solely Based on the THC Level, You‚Äôre Doing it Wrong.
https://medium.com/@djpizzo, 
https://rantt.com/how-utahs-ag-office-failed-a-rape-survivor-twice-8d2b8c81aacf?source=reading_list---4------4-----------, Rantt Exclusive: How Utah‚Äôs AG Office Failed A Rape Survivor ‚Äî Twice
https://rantt.com/@kazweida, 
/topic/technology, Technology
https://medium.com/chris-messina/amazon-echo-show-354b93b448b5?source=reading_list---4------0-----------, Why Silicon Valley is all wrong about Amazon‚Äôs Echo Show
https://medium.com/@chrismessina, 
https://theringer.com/instagram-vintage-thrift-store-clothing-b5d12a8cf3b5?source=reading_list---4------1-----------, Instagram and the Art of the Thrift Store Find
https://theringer.com/@alyssa.bereznak, 
https://medium.com/@rowantrollope/deciphering-silicon-valley-should-we-build-a-new-internet-678990919139?source=reading_list---4------2-----------, Deciphering ‚ÄúSilicon Valley‚Äù: Should we Build a New Internet?
https://medium.com/@rowantrollope, 
https://hackernoon.com/the-next-iphone-will-determine-the-next-laptop-i-purchase-heres-why-a519feabc9de?source=reading_list---4------3-----------, The next iPhone will determine the next laptop I purchase‚Ä¶. here‚Äôs why.
https://hackernoon.com/@nicholas_lane, 
https://medium.com/future-of-sharing/local-peer-to-peer-energy-grids-create-lightbulb-moment-a3c9accc912a?source=reading_list---4------4-----------, Local Peer-to-Peer Energy Grids Create Lightbulb Moment
https://medium.com/@jrdaly, 
/topic/life, Life
https://thecoffeelicious.com/all-those-you-cant-trust-f34ddee53684?source=reading_list---4------0-----------, All Those You Can‚Äôt Trust
https://thecoffeelicious.com/@ComatosePodcast, 
https://medium.com/@maureenlewis342/beyond-that-college-backyard-4da701b4b4ec?source=reading_list---4------1-----------, Beyond that College Backyard
https://medium.com/@maureenlewis342, 
https://artplusmarketing.com/why-we-should-accept-it-today-that-everything-around-us-is-temporary-123c812aff64?source=reading_list---4------2-----------, Why we should accept it today that everything around us is temporary.
https://artplusmarketing.com/@harshitchaudhary, 
https://journal.thriveglobal.com/how-to-stop-taking-things-personally-b92c9a396bdc?source=reading_list---4------3-----------, How To Stop Taking Things Personally.
https://journal.thriveglobal.com/@carolinejordanfitness, 
https://medium.com/indian-thoughts/if-you-think-13-reasons-why-is-about-revenge-you-are-missing-the-point-5a24bdb47919?source=reading_list---4------4-----------, People are questioning whether Hannah Baker even had a mental illness
https://medium.com/@carlycassella, 
/topic/culture, Culture
https://journal.thriveglobal.com/how-books-and-television-affect-your-brain-differently-according-to-science-82c3b14f789b?source=reading_list---4------0-----------, How Books and Television Affect Your Brain Differently
https://journal.thriveglobal.com/@melissachu, 
https://medium.com/the-omnivore/the-fall-of-modern-movie-manhood-a68b3b02e08a?source=reading_list---4------1-----------, The Fall of Modern Movie Manhood
https://medium.com/@grahamfuller, 
https://thebillfold.com/adventures-in-poshmarking-43d53c5c2ff9?source=reading_list---4------2-----------, Adventures in Poshmarking
https://thebillfold.com/@KimLew, 
https://theringer.com/goldie-hawn-snatched-amy-schumer-movie-adaaefc6fea1?source=reading_list---4------3-----------, Goldie Hawn Is Too Good for ‚ÄòSnatched‚Äô
https://theringer.com/@kaustincollins, 
https://melmagazine.com/the-cracklin-hottest-passages-in-kfc-s-romance-novel-tender-wings-of-desire-dff9e7c266a0?source=reading_list---4------4-----------, The Cracklin‚Äô Hottest Passages in KFC‚Äôs Romance Novel, ‚ÄòTender Wings of Desire‚Äô
https://melmagazine.com/@tracylmoore, 
/topic/work, Work
https://medium.com/@jakek/taking-some-old-advice-d48b94175de8?source=reading_list---4------0-----------, Taking some old advice
https://medium.com/@jakek, 
https://medium.learningbyshipping.com/management-is-not-about-asking-people-to-do-stuff-88f105c61838?source=reading_list---4------1-----------, Management is not about asking people to do stuff
https://medium.learningbyshipping.com/@stevesi, 
https://journal.thriveglobal.com/you-hired-an-assistant-now-what-f6abacff931f?source=reading_list---4------2-----------, You Hired an Assistant. Now What?!
https://journal.thriveglobal.com/@brookestone, 
https://theestablishment.co/the-flexibility-myth-about-female-academics-is-wrong-7d0590d8f393?source=reading_list---4------3-----------, The ‚ÄòFlexibility Myth‚Äô About Female Academics Is Wrong
https://theestablishment.co/@ESTBLSHMNT, 
https://medium.com/the-year-of-the-looking-glass/keeping-morale-afloat-a9e0cef34211?source=reading_list---4------4-----------, Keeping Morale Afloat
https://medium.com/@joulee, 
/topic/digital-design, Digital Design
https://uxdesign.cc/the-evolution-process-from-a-junior-level-designer-to-becoming-a-design-lead-5cde5fe1668c?source=reading_list---4------0-----------, The Evolution Process From A Junior Level Designer To Becoming A Design Lead
https://uxdesign.cc/@elliotsoren, 
https://medium.com/@marcintreder/the-minimum-viable-design-system-75ca1806848a?source=reading_list---4------1-----------, The Minimum Viable Design System
https://medium.com/@marcintreder, 
https://medium.muz.li/the-horizontal-scroll-interface-46b8f69f54ff?source=reading_list---4------2-----------, The Horizontal Scroll Interface
https://medium.muz.li/@Fabian.Frey, 
https://medium.com/startup-grind/can-digital-products-be-timeless-a04e30662029?source=reading_list---4------3-----------, Can Digital Products Be ‚ÄúTimeless?‚Äù
https://medium.com/@akopec, 
https://medium.com/startup-grind/i-got-rejected-by-apple-music-so-i-redesigned-it-b7e2e4dc64bf?source=reading_list---4------4-----------, I Got Rejected by Apple Music‚Ä¶ So I Redesigned It
https://medium.com/@jasonyuan, 
/topic/politics, Politics
https://medium.com/@freddiedeboer/politics-as-politics-12ab43429e64?source=reading_list---4------0-----------, politics as¬†politicsI used to write about atheism, but I gave it¬†up.
https://medium.com/@freddiedeboer, 
https://arcdigital.media/you-cant-fight-fascism-with-fascism-liberals-4a37a8dae56d?source=reading_list---4------1-----------, You Can‚Äôt Fight Fascism With Fascism, Liberals
https://arcdigital.media/@thorbenson, 
https://rantt.com/the-fbi-does-not-serve-at-the-pleasure-of-any-president-they-serve-the-rule-of-law-dc678c38fc7a?source=reading_list---4------2-----------, The FBI Does Not ‚ÄúServe At The Pleasure‚Äù Of Any President, They Serve The Rule Of Law
https://thinkprogress.org/did-donald-trump-just-write-his-own-articles-of-impeachment-29d3d4b8fff5?source=reading_list---4------3-----------, Did Donald Trump just write his own articles of impeachment?
https://thinkprogress.org/@JuddLegum, 
https://extranewsfeed.com/the-comey-affair-and-trumps-truculence-f3328ca6198f?source=reading_list---4------4-----------, The Comey Affair and Trump‚Äôs Truculence
https://extranewsfeed.com/@reedgalen, 
https://medium.com/m/getting-started, Getting started
https://help.medium.com, Help
https://medium.statuspage.io, Status
https://medium.com/3minread, Blog
https://jobs.medium.com, Careers
https://medium.com/policy/f03bf92035c9, Privacy
https://medium.com/policy/9db0094a1e0f, Terms
https://about.medium.com, About
https://itunes.apple.com/app/medium-everyones-stories/id828256236?pt=698524&mt=8, iOS
https://play.google.com/store/apps/details?id=com.medium.reader, Android
https://medium.com/m/signin?redirect=https%3A%2F%2Fmedium.com%2Fsearch, Sign in / Sign up
https://medium.com/m/signin?redirect=https%3A%2F%2Fmedium.com%2Ftopic%2Fpopular, Sign in / Sign up
https://m.signalvnoise.com/for-sale-baby-shoes-never-worn-fc209e2b6284?source=topic---8------0-----------, For sale: baby shoes, never worn
https://medium.com/@wailinwong, 
https://medium.freecodecamp.com/after-building-my-first-react-native-app-im-now-convinced-it-s-the-future-d3c5e74f8fa8?source=topic---8------2-----------, After building my first React Native app, I‚Äôm now convinced it‚Äôs the¬†future.
https://medium.com/@twm013, 
https://medium.com/personal-growth/the-purpose-of-life-is-to-be-a-nobody-72ceeb078373?source=topic---8------1-----------, The Purpose of Life is to Be a Nobody
https://medium.com/personal-growth/i-am-32-and-i-do-not-have-my-shit-together-14c8a177609e?source=topic---8------3-----------, I am 32 and I do not have my shit together.
https://theringer.com/communal-living-tech-nook-welive-common-7175783ac5c4?source=topic---8------0-----------, The Future of Living Alone Is Living Together
https://medium.com/@molly.mchugh, 
https://theringer.com/@molly.mchugh, Molly McHugh
https://medium.com/chris-messina/amazon-echo-show-354b93b448b5?source=topic---8------2-----------, Why Silicon Valley is all wrong about Amazon‚Äôs Echo¬†Show
https://theringer.com/stephen-colbert-late-show-success-politics-3315eed2f718?source=topic---8------3-----------, Stephen Colbert‚Äôs Late-Night Success Isn‚Äôt a¬†Fluke
https://medium.com/@alison.herman, 
https://theringer.com/@alison.herman, Alison Herman
https://rantt.com/how-utahs-ag-office-failed-a-rape-survivor-twice-8d2b8c81aacf?source=topic---8------1-----------, Rantt Exclusive: How Utah‚Äôs AG Office Failed A Rape Survivor ‚Äî Twice
https://medium.com/@kazweida, 
https://medium.com/@ryeino/i-did-soulcycle-and-nothing-will-ever-be-the-same-again-870e191aaf56?source=topic---8------4-----------, I Did SoulCycle And Nothing Will Ever Be The Same¬†Again
https://medium.com/@ryeino, 
https://medium.com/the-method/10-best-gmo-memes-537f23346f4b?source=topic---8------0-----------, 10 Best GMO Memes
https://medium.com/@welovegv, 
https://theawl.com/why-the-trump-transcripts-are-so-maddening-to-read-9a7c1a31fc34?source=topic---8------1-----------, Why The Trump Transcripts Are So Maddening To¬†Read
https://medium.com/@michaelerard, 
https://theawl.com/@michaelerard, michael erard
https://medium.com/@freddiedeboer/of-course-theres-the-backchannel-71ea06a1199a?source=topic---8------2-----------, of course, there‚Äôs the backchannel
https://journal.thriveglobal.com/theres-more-than-enough-time-when-you-use-the-time-you-have-68af009e307e?source=topic---8------0-----------, There‚Äôs More Than Enough Time, When You Use The Time You Have
https://medium.com/@benjaminhardy, 
https://journal.thriveglobal.com/@benjaminhardy, Benjamin P. Hardy
https://themission.co/the-secret-to-mastering-your-time-is-to-systematically-focus-on-importance-and-suppress-urgency-a5b6f247b589?source=topic---8------1-----------, The Secret to Mastering Your Time is to Systematically Focus on Importance And Suppress Urgency
https://medium.com/@alltopstartups, 
https://themission.co/@alltopstartups, Thomas Oppong
https://medium.freecodecamp.com/9-popular-online-courses-that-are-gone-forever-and-how-you-can-still-find-them-a716ddf8e1d9?source=topic---8------2-----------, 9 popular online courses that are gone forever‚Ä¶ and how you can still find them
https://medium.com/@dhawalhs, 
https://medium.freecodecamp.com/@dhawalhs, Dhawal Shah
https://medium.com/@davepell/home-james-10-quick-thoughts-about-the-comey-firing-9d2a7cddaa63?source=topic---8------0-----------, Home, James ‚Äî 10 Quick Thoughts About the Comey Firing
https://medium.com/@davepell, 
https://journal.thriveglobal.com/want-to-become-the-best-at-what-you-do-read-this-9b4f8740242a?source=topic---8------2-----------, Want to Become the Best at What You Do? Read¬†This.
https://uxdesign.cc/walking-through-design-in-tokyo-d6f00a4639b7?source=topic---8------3-----------, Walking Through Design in¬†Tokyo
https://medium.com/@colbysato, 
https://uxdesign.cc/@colbysato, Colby Sato
https://medium.com/tchpnt/i-talked-to-1400-strangers-about-their-sex-lives-heres-what-i-learned-3055e0efda9b?source=topic---8------1-----------, I Talked To 1400 Strangers About Their Sex Lives. Here‚Äôs What I Learned.
https://medium.com/@lovejmw, 
https://medium.freecodecamp.com/3-tips-to-keep-in-mind-while-developing-complex-ui-in-web-b56312310390?source=topic---8------4-----------, How to build complex user interfaces without going completely insane
https://medium.com/@iktash88, 
https://medium.freecodecamp.com/@iktash88, Illia Kolodiazhnyi
https://theringer.com/2017-nba-playoffs-early-exiting-50-win-teams-clippers-raptors-5182fb30c996?source=topic---8------0-----------, Blowing Up an NBA Team Is Never the Only Option
https://medium.com/@JonathanTjarks, 
https://theringer.com/@JonathanTjarks, Jonathan Tjarks
https://themission.co/17-small-actions-that-will-make-your-work-day-incredibly-meaningful-72aa7d1fee24?source=topic---8------1-----------, 17 Small Actions That Will Make Your Work Day Incredibly Meaningful
https://medium.com/@boredelonmusk/life-on-mars-3d985e6fc0f0?source=topic---8------2-----------, Life On Mars
https://medium.com/@boredelonmusk, 
https://medium.com/startup-grind/i-got-rejected-by-apple-music-so-i-redesigned-it-b7e2e4dc64bf?source=topic---8------0-----------, I Got Rejected by Apple Music‚Ä¶ So I Redesigned It
https://hackernoon.com/facebooks-prepack-the-next-killer-in-the-javascript-zone-d932556ffd8c?source=topic---8------1-----------, Facebook‚Äôs Prepack‚Ää‚Äî‚ÄäThe Next Killer In The JavaScript Zone
https://medium.com/@dormoshe, 
https://hackernoon.com/@dormoshe, Dor Moshe
https://medium.com/m/signin?redirect=https%3A%2F%2Fmedium.com%2Ftopic%2Fmembers, Sign in / Sign up
https://medium.com/@laskyjoshua/expensive-public-transportation-projects-wont-survive-the-shift-to-autonomous-vehicles-d45e926e8460?source=topic---8------0-----------, Expensive Public Transportation Projects Won‚Äôt Survive the Shift to Autonomous Vehicles
https://medium.com/@jmruddock/the-house-committee-on-pseudo-science-5dea1778c084?source=topic---8------2-----------, The House Committee on Pseudo-Science
https://medium.com/@drmdhumphries/how-your-brain-decides-what-youre-seeing-b9729670ec6d?source=topic---8------3-----------, How Your Brain Decides What You‚Äôre¬†Seeing
https://medium.com/@jenniferdoleac/do-databases-of-criminal-offenders-help-reduce-crime-da38fed35a5e?source=topic---8------1-----------, Do Databases of Criminal Offenders Help Reduce Crime?
https://medium.com/@message2america/the-firewall-digital-basics-1b37b7ada05e?source=topic---8------4-----------, THE FIREWALL: Cybersecurity For Beginners
https://medium.com/@message2america, 
https://medium.com/@Chelsea_Fagan/why-having-a-niche-business-is-the-best-thing-for-my-mental-health-4cf6f33dfae8?source=topic---8------0-----------, Why Having a Niche Business Is the Best Thing for My Mental Health
https://medium.com/@Chelsea_Fagan, 
https://medium.com/@zaron3/shoe-beasts-8c37db1df12d?source=topic---8------2-----------, Shoe Beasts
https://medium.com/@zaron3, 
https://medium.com/@mshannabrooks/your-mom-worked-out-in-a-thong-4ad52123048e?source=topic---8------3-----------, Your Mom Worked Out in a¬†Thong
https://medium.com/@mshannabrooks, 
https://medium.com/@johndevore/the-sad-lament-of-the-neanderthal-57f9d8a778a1?source=topic---8------1-----------, The Sad Lament of the Neanderthal
https://medium.com/@johndevore, 
https://medium.com/@laskyjoshua/cheaper-faster-better-logistics-in-the-era-of-autonomous-vehicles-8ef14a5f4835?source=topic---8------4-----------, Cheaper, Faster, Better: Logistics in the Era of Autonomous Vehicles
https://medium.com/@willpartin/esports-is-dead-long-live-esports-319e850d713b?source=topic---8------0-----------, Esports is Dead! Long Live Esports!
https://medium.com/@willpartin, 
https://medium.com/@GeorgeHalachev/how-to-use-the-right-tools-to-beat-procrastination-c4cc9b7cc584?source=topic---8------1-----------, How to Use the Right Tools to Beat Procrastination
https://medium.com/@GeorgeHalachev, 
https://medium.com/@jamespoulos/the-new-politics-of-transportation-and-energy-bf8c3036946b?source=topic---8------2-----------, The New Politics of Transportation and Energy
https://medium.com/@jamespoulos, 
https://medium.com/@johndevore/we-are-not-a-christian-nation-f593c332b9fb?source=topic---8------0-----------, We Are Not A Christian Nation
https://medium.com/@ngoeke/how-to-conquer-procrastination-with-3-self-awareness-techniques-cc9546fe641d?source=topic---8------1-----------, How to Conquer Procrastination with 3 Self-Awareness Techniques
https://medium.com/@ngoeke, 
https://medium.com/@laskyjoshua/autonomous-vehicles-wont-just-change-the-way-you-drive-they-ll-change-the-way-you-travel-61a6a0b13f6f?source=topic---8------2-----------, Autonomous Vehicles Won‚Äôt Just Change the Way You Drive‚ÄîThey‚Äôll Change the Way You Travel
https://medium.com/@heyangella/nazi-chic-the-style-that-just-wont-go-away-f886cd58e38a?source=topic---8------0-----------, Nazi Chic: The style that just won‚Äôt go away
https://medium.com/@heyangella, 
https://medium.com/@ltthompso/orders-of-the-pax-americana-3083048b99eb?source=topic---8------2-----------, Orders of the Pax Americana
https://medium.com/@ltthompso, 
https://medium.com/@felsull/when-the-cool-kids-wont-let-you-in-their-club-create-your-own-e90548960db3?source=topic---8------3-----------, When the Cool Kids Won‚Äôt Let You in Their Club, Create Your¬†Own
https://medium.com/@felsull, 
https://medium.com/@lauren_verhage/tough-questions-i-asked-myself-when-building-a-visual-brand-from-scratc-b893ae1d38d1?source=topic---8------1-----------, Tough Questions I Asked Myself When Building a Visual Brand from Scratch
https://medium.com/@lauren_verhage, 
https://medium.com/@message2america/thefirewall-episode1-ec4fa2790c48?source=topic---8------4-----------, THE FIREWALL: Cybersecurity For Beginners
https://medium.com/@craigmod/divining-creative-permission-from-inanimate-objects-8e7945076bab?source=topic---8------0-----------, Conjuring Creative Permission from Our Tools
https://medium.com/@craigmod, 
https://medium.com/viewpoints/the-master-of-champagne-b85d6f5cd53d?source=topic---8------1-----------, The Master of Champagne
https://medium.com/@FelixSimon, 
https://medium.com/@Chelsea_Fagan/unexpected-lessons-from-unintentionally-starting-a-business-e0bb44b716bc?source=topic---8------2-----------, Unexpected Lessons from Unintentionally Starting a Business
https://medium.com/m/signin?redirect=https%3A%2F%2Fmedium.com%2Ftopic%2Flife, Sign in / Sign up
https://medium.com/topic/self, Self
https://thecoffeelicious.com/all-those-you-cant-trust-f34ddee53684?source=topic---8------0-----------, All Those You Can‚Äôt Trust
https://medium.com/@ComatosePodcast, 
https://medium.com/@maureenlewis342/beyond-that-college-backyard-4da701b4b4ec?source=topic---8------2-----------, Beyond that College¬†Backyard
https://artplusmarketing.com/why-we-should-accept-it-today-that-everything-around-us-is-temporary-123c812aff64?source=topic---8------1-----------, Why we should accept it today that everything around us is temporary.
https://medium.com/@harshitchaudhary, 
https://journal.thriveglobal.com/how-to-stop-taking-things-personally-b92c9a396bdc?source=topic---8------3-----------, How To Stop Taking Things Personally.
https://medium.com/@carolinejordanfitness, 
https://medium.com/indian-thoughts/if-you-think-13-reasons-why-is-about-revenge-you-are-missing-the-point-5a24bdb47919?source=topic---8------0-----------, People are questioning whether Hannah Baker even had a mental illness
https://psiloveyou.xyz/any-tips-on-breaking-a-dating-slump-3015eaec0fc3?source=topic---8------2-----------, Any tips on breaking a dating¬†slump?
https://medium.com/@DemetriusSays, 
https://psiloveyou.xyz/@DemetriusSays, Demetrius
https://extranewsfeed.com/the-capacity-of-the-contemplative-clown-817547d3051a?source=topic---8------3-----------, The Capacity of the Contemplative Clown
https://medium.com/@ian.belknap1, 
https://extranewsfeed.com/@ian.belknap1, Ian Belknap
https://justincox.com/i-was-gonna-get-skinny-for-the-summer-39218baade1d?source=topic---8------1-----------, I was gonna‚Äô get skinny for the summer.
https://medium.com/@justincox, 
https://justincox.com/@justincox, Justin Cox üç©
https://medium.com/@adamwitt/that-time-i-went-at-my-arm-with-a-kitchen-knife-97c221fabca9?source=topic---8------4-----------, That Time I Went At My Arm With A Kitchen¬†Knife
https://medium.com/@adamwitt, 
https://electricliterature.com/dealing-with-death-in-farsi-53a433858dcd?source=topic---8------0-----------, Dealing with Death in Farsi
https://medium.com/@samfarahmand, 
https://electricliterature.com/@samfarahmand, Sam Farahmand
https://medium.com/indian-thoughts/whats-in-a-name-690debab1aec?source=topic---8------1-----------, What‚Äôs in a¬†Name?
https://medium.com/@MaxStolt, 
https://medium.com/@kemenatan/playing-a-role-b1106b4fe548?source=topic---8------2-----------, Playing a¬†Role
https://medium.com/@kemenatan, 
https://studentvoiceforum.org/what-do-i-stand-for-finding-my-voice-with-mr-c-3d08d0ceb4f3?source=topic---8------0-----------, What Do I Stand For? Finding My Voice With Mr. C
https://medium.com/@stuvoiceforum, 
https://studentvoiceforum.org/@stuvoiceforum, The Student Voice Forum
https://thelacesout.com/the-skater-kid-finds-his-tribe-ed16af412089?source=topic---8------1-----------, The Skater Kid Finds His Tribe
https://medium.com/@folksstories, 
https://thelacesout.com/@folksstories, Folks Stories
https://theestablishment.co/sorting-through-a-hoarders-lifetime-of-clutter-we-learned-the-meaning-of-love-32dab491f1d7?source=topic---8------2-----------, Sorting Through A Lifetime Of Clutter, We Learned The Meaning Of Love
https://medium.com/@ESTBLSHMNT, 
https://medium.com/indian-thoughts/my-summer-as-a-potential-terrorist-in-a-conflict-zone-227e21f751c4?source=topic---8------0-----------, My Summer as a Potential Terrorist in a Conflict Zone
https://medium.com/@katiehyson23, 
https://medium.com/@CatieDisabato/im-like-so-gay-dude-cf32747d5992?source=topic---8------2-----------, I‚ÄôM LIKE, SO GAY¬†DUDE
https://medium.com/@CatieDisabato, 
https://medium.com/the-haven/i-took-care-of-a-toddler-for-48-hours-cadb568af9b8?source=topic---8------3-----------, I took care of a toddler for 48¬†hours
https://medium.com/@kwhite1219, 
https://thecoffeelicious.com/from-this-pre-trembling-house-we-fled-eb8bb9b9ccce?source=topic---8------1-----------, From this pre-trembling house we fled
https://thecoffeelicious.com/@felsull, Felicia C. Sullivan
https://medium.com/@arb/on-quitting-things-that-are-bad-for-you-2150ef565a2f?source=topic---8------4-----------, On Quitting Things That Are Bad For¬†You
https://medium.com/@arb, 
https://medium.com/raceto30/lindseysrace-8e0a861c979e?source=topic---8------0-----------, Lindsey‚Äôs Race
https://medium.com/@RaceTo30, 
https://medium.com/@jimluetkemeyer/i-quit-my-job-to-travel-heres-how-it-s-changed-me-c6c911ac010?source=topic---8------1-----------, I Quit My Job to Travel ‚Äî Here‚Äôs How It‚Äôs Changed Me
https://medium.com/@jimluetkemeyer, 
https://themission.co/how-to-start-over-at-40-c57741a3e5e9?source=topic---8------2-----------, How To Start Over At 40
https://medium.com/@jaltucher, 
https://themission.co/@jaltucher, James Altucher
https://byrslf.co/better-man-5ef6315a7bff?source=topic---8------0-----------, Better Man
https://medium.com/@HilalIsler, 
https://byrslf.co/@HilalIsler, Hilal Isler
https://inadequate.net/the-house-at-the-corner-of-manor-and-chicon-was-supposed-to-be-condemned-df012973a1ff?source=topic---8------1-----------, Manor &¬†Chicon
https://medium.com/@inadequatenet, 
https://inadequate.net/@inadequatenet, William O. Pate II
https://medium.com/m/signin?redirect=https%3A%2F%2Fmedium.com%2Ftopic%2Feditors-picks, Sign in / Sign up
https://thehairpin.com/how-women-learned-to-love-chocolate-b6e8dfd9d395?source=topic---8------0-----------, How Women Learned To Love Chocolate
https://medium.com/@megangiller, 
https://medium.com/@kivabay/men-who-try-to-kill-me-703a526ee152?source=topic---8------2-----------, Men Who Try To Kill¬†Me
https://medium.com/trykecultivator/if-youre-buying-your-weed-solely-based-on-the-thc-level-you-re-doing-it-wrong-ec5422d4ddfd?source=topic---8------1-----------, If You‚Äôre Buying Your Weed Solely Based on the THC Level, You‚Äôre Doing it Wrong.
https://medium.com/@fdanglo/slaverys-presence-in-public-history-how-to-effectively-discuss-the-past-in-the-present-cc6cc3d03c48?source=topic---8------3-----------, Slavery‚Äôs Presence in Public History : How to Effectively Discuss the Past in the¬†Present
https://rantt.com/how-utahs-ag-office-failed-a-rape-survivor-twice-8d2b8c81aacf?source=topic---8------0-----------, Rantt Exclusive: How Utah‚Äôs AG Office Failed A Rape Survivor ‚Äî Twice
https://medium.com/@johndevore/the-sad-lament-of-the-neanderthal-57f9d8a778a1?source=topic---8------2-----------, The Sad Lament of the Neanderthal
https://medium.com/wanderlust-magazine/in-this-dust-that-was-a-city-b4a29d544fb2?source=topic---8------3-----------, In This Dust That Was a¬†City
https://medium.com/@anthonyted, 
https://m.signalvnoise.com/for-sale-baby-shoes-never-worn-fc209e2b6284?source=topic---8------1-----------, For sale: baby shoes, never worn
https://theawl.com/why-the-trump-transcripts-are-so-maddening-to-read-9a7c1a31fc34?source=topic---8------0-----------, Why The Trump Transcripts Are So Maddening To Read
https://medium.com/@honeystaysuper/real-ways-to-support-mothers-beyond-mothers-day-7fb0d5325957?source=topic---8------1-----------, Real Ways to Support Mothers Beyond Mother‚Äôs¬†Day
https://medium.com/@honeystaysuper, 
https://uxdesign.cc/walking-through-design-in-tokyo-d6f00a4639b7?source=topic---8------0-----------, Walking Through Design in Tokyo
https://medium.com/@willpartin/esports-is-dead-long-live-esports-319e850d713b?source=topic---8------1-----------, Esports is Dead! Long Live Esports!
https://brightreads.com/bring-back-home-ec-f72cd8090d12?source=topic---8------2-----------, Bring Back Home Ec.
https://medium.com/@fionatappdotcom, 
https://brightreads.com/@fionatappdotcom, Fiona Tapp
https://medium.com/@boredelonmusk/life-on-mars-3d985e6fc0f0?source=topic---8------0-----------, Life On Mars
https://medium.com/@profcarroll/confronting-a-nightmare-for-democracy-5333181ca675?source=topic---8------2-----------, Confronting a Nightmare for Democracy
https://medium.com/@profcarroll, 
https://medium.com/@andyboergerandyboerger/nosy-rosie-f318ab04ebd4?source=topic---8------3-----------, Nosy Rosie
https://medium.com/@andyboergerandyboerger, 
https://extranewsfeed.com/bill-oreilly-a-personal-history-e25ea44e6477?source=topic---8------1-----------, Bill O‚ÄôReilly: A Personal History
https://medium.com/@erikadprice, 
https://extranewsfeed.com/@erikadprice, E Price
https://shift.newco.co/on-facebook-a156710f2679?source=topic---8------4-----------, On Facebook
https://medium.com/@johnbattelle, 
https://shift.newco.co/@johnbattelle, John Battelle
https://thebolditalic.com/a-menthol-some-fried-chicken-and-a-glass-of-juicero-3cd38f1c974a?source=topic---8------0-----------, Menthols, Fried Chicken and a Glass of Juicero
https://medium.com/@sabrinamonet, 
https://thebolditalic.com/@sabrinamonet, Sabrina Monet
https://artplusmarketing.com/the-reality-dissection-fallacy-dd47670c57c8?source=topic---8------1-----------, The reality dissection fallacy
https://medium.com/@Nicopatsch, 
https://artplusmarketing.com/@Nicopatsch, Nicolas Patschkowski
https://thedevelopmentset.com/when-you-call-911-and-nobody-picks-up-32ac8f7dc7fe?source=topic---8------2-----------, When You Call 911 and Nobody Picks Up
https://medium.com/@heykristance, 
https://thedevelopmentset.com/@heykristance, Kristance Harlow
https://medium.com/@generativist/gofundme-and-healthcare-18e3df30145a?source=topic---8------0-----------, GoFundMe and Healthcare
https://medium.com/@generativist, 
https://timeline.com/birth-control-pill-history-marketing-e77ce609e749?source=topic---8------1-----------, The inventors of the Pill decided women should still bleed every¬†month
https://medium.com/@stephmbuck, 
https://timeline.com/@stephmbuck, Stephanie Buck
https://medium.com/m/signin?redirect=https%3A%2F%2Fmedium.com%2Ftopic%2Ftechnology, Sign in / Sign up
https://medium.com/topic/science, Science
https://medium.com/chris-messina/amazon-echo-show-354b93b448b5?source=topic---8------0-----------, Why Silicon Valley is all wrong about Amazon‚Äôs Echo Show
https://theringer.com/instagram-vintage-thrift-store-clothing-b5d12a8cf3b5?source=topic---8------2-----------, Instagram and the Art of the Thrift Store¬†Find
https://medium.com/@alyssa.bereznak, 
https://hackernoon.com/the-next-iphone-will-determine-the-next-laptop-i-purchase-heres-why-a519feabc9de?source=topic---8------1-----------, The next iPhone will determine the next laptop I purchase‚Ä¶. here‚Äôs why.
https://medium.com/@nicholas_lane, 
https://medium.com/@rowantrollope/deciphering-silicon-valley-should-we-build-a-new-internet-678990919139?source=topic---8------3-----------, Deciphering ‚ÄúSilicon Valley‚Äù: Should we Build a New Internet?
https://medium.com/future-of-sharing/local-peer-to-peer-energy-grids-create-lightbulb-moment-a3c9accc912a?source=topic---8------0-----------, Local Peer-to-Peer Energy Grids Create Lightbulb Moment
https://medium.com/startup-grind/can-digital-products-be-timeless-a04e30662029?source=topic---8------2-----------, Can Digital Products Be ‚ÄúTimeless?‚Äù
https://medium.com/@dasjoshua/the-current-state-of-virtual-reality-vr-d50e3e325882?source=topic---8------3-----------, The current state of virtual reality¬†(VR)
https://medium.com/@dasjoshua, 
https://medium.com/breakground-magazine/surface-deep-e68c3dfaae05?source=topic---8------1-----------, Surface Deep
https://medium.com/@ross.ufberg, 
https://backchannel.com/how-one-little-cable-company-exposed-telecoms-achilles-heel-480e49b648bf?source=topic---8------4-----------, How One Little Cable Company Exposed Telecom‚Äôs Achilles‚Äô Heel
https://medium.com/@scrawford, 
https://backchannel.com/@scrawford, Susan Crawford
https://medium.com/@laskyjoshua/cheaper-faster-better-logistics-in-the-era-of-autonomous-vehicles-8ef14a5f4835?source=topic---8------0-----------, Cheaper, Faster, Better: Logistics in the Era of Autonomous Vehicles
https://theringer.com/video-game-streaming-youtube-twitch-on-demand-week-d911a7ebf510?source=topic---8------1-----------, How Streaming Changed the Gaming Ecosystem
https://medium.com/@justincharity, 
https://theringer.com/@justincharity, Justin Charity
https://arcdigital.media/what-has-facebook-really-done-4e1176973710?source=topic---8------2-----------, What Has Facebook Really Done?
https://medium.com/@Quags, 
https://arcdigital.media/@Quags, Lucas Quagliata
https://mondaynote.com/mac-pro-failure-and-future-c2ad83e373c4?source=topic---8------0-----------, Mac Pro: Failure and Future
https://medium.com/@gassee, 
https://mondaynote.com/@gassee, Jean-Louis Gass√©e
https://medium.com/microsoft-design/representing-humans-in-mixed-reality-dc241ab97434?source=topic---8------1-----------, Representing Humans in Mixed Reality
https://medium.com/@mvitazko, 
https://theringer.com/multilevel-marketing-social-networks-facebook-instagram-47a470604a66?source=topic---8------2-----------, Why Is My Facebook Feed a Hawker‚Äôs Alley for Shady Health Supplements?
https://medium.com/@kate.knibbs, 
https://theringer.com/@kate.knibbs, Kate Knibbs
https://medium.com/@magnusjern/the-technology-divide-is-growing-dont-leave-people-behind-6393c9cc23c3?source=topic---8------0-----------, The technology divide is growing ‚Äî don‚Äôt leave people behind
https://medium.com/@magnusjern, 
https://backchannel.com/has-uber-killed-off-its-self-driving-trucks-3ebd2eb0e51?source=topic---8------2-----------, Has Uber Killed Off Its Self-Driving Trucks?
https://medium.com/@meharris, 
https://backchannel.com/@meharris, Mark Harris
https://medium.com/mozilla-internet-citizen/why-the-next-10-days-are-critical-to-the-internets-future-1c4e96bd2cf9?source=topic---8------3-----------, Why the Next 10 Days Are Critical to the Internet‚Äôs Future
https://medium.com/@mozilla, 
https://medium.com/stocktwits/how-much-is-forrest-gumps-stake-in-apple-worth-today-459d6f886df9?source=topic---8------1-----------, How Much Is Forrest Gump‚Äôs Stake in Apple Worth Today?
https://medium.com/@StockTwits, 
https://medium.com/towards-data-science/a-new-kind-of-deep-neural-networks-749bcde19108?source=topic---8------4-----------, A new kind of deep neural¬†networks
https://medium.com/@culurciello, 
https://shift.newco.co/apples-1b-for-advanced-manufacturing-is-just-dressy-pr-156831527b86?source=topic---8------0-----------, Apple‚Äôs $1B for Advanced Manufacturing Is Just Dressy PR
https://medium.com/@ScottPaulAAM, 
https://shift.newco.co/@ScottPaulAAM, Scott Paul
https://shift.newco.co/a-minority-report-on-artificial-intelligence-296c4cc10ea4?source=topic---8------1-----------, A minority report on artificial intelligence
https://medium.com/@adactio, 
https://shift.newco.co/@adactio, Jeremy Keith
https://medium.com/humanizing-the-singularity/what-does-ether-100-mean-bb58522f781e?source=topic---8------2-----------, What does $100 Ether¬†mean?
https://medium.com/@leashless, 
https://medium.com/m/signin?redirect=https%3A%2F%2Fmedium.com%2Ftopic%2Fculture, Sign in / Sign up
https://medium.com/topic/history, History
https://medium.com/topic/photography, Photography
https://medium.com/topic/media, Media
https://thebillfold.com/adventures-in-poshmarking-43d53c5c2ff9?source=topic---8------0-----------, Adventures in Poshmarking
https://medium.com/@KimLew, 
https://medium.com/the-omnivore/the-fall-of-modern-movie-manhood-a68b3b02e08a?source=topic---8------2-----------, The Fall of Modern Movie¬†Manhood
https://theringer.com/goldie-hawn-snatched-amy-schumer-movie-adaaefc6fea1?source=topic---8------1-----------, Goldie Hawn Is Too Good for ‚ÄòSnatched‚Äô
https://medium.com/@kaustincollins, 
https://journal.thriveglobal.com/how-books-and-television-affect-your-brain-differently-according-to-science-82c3b14f789b?source=topic---8------3-----------, How Books and Television Affect Your Brain Differently
https://medium.com/@melissachu, 
https://melmagazine.com/the-cracklin-hottest-passages-in-kfc-s-romance-novel-tender-wings-of-desire-dff9e7c266a0?source=topic---8------0-----------, The Cracklin‚Äô Hottest Passages in KFC‚Äôs Romance Novel, ‚ÄòTender Wings of Desire‚Äô
https://medium.com/@tracylmoore, 
https://thehairpin.com/sex-tips-from-hans-christian-andersen-30c178c1735a?source=topic---8------2-----------, Sex Tips from Hans Christian Andersen
https://medium.com/@amymorrison12, 
https://thehairpin.com/@amymorrison12, Amy Morrison
https://electricliterature.com/late-to-the-party-stephen-kings-it-b97be5f5ac28?source=topic---8------3-----------, Late to the Party: Stephen King‚Äôs¬†IT
https://medium.com/@EnnuiPerkins, 
https://electricliterature.com/@EnnuiPerkins, Henry Hoke
https://stillcrew.com/b-o-b-makes-a-compelling-case-for-leaving-a-major-label-to-go-indie-his-new-album-ether-d282f8b5159c?source=topic---8------1-----------, B.o.B Makes A Compelling Case For Leaving A Major Label To Go Indie His New Album ‚ÄòEther‚Äô
https://medium.com/@tss_raj, 
https://stillcrew.com/@tss_raj, Raj Anand
https://medium.com/minority-reports/thirty-years-tracking-hannibal-lecter-2bb38d737dcb?source=topic---8------4-----------, Thirty years tracking Hannibal¬†Lecter
https://medium.com/@PeterSStrempel, 
https://medium.com/@zaron3/shoe-beasts-8c37db1df12d?source=topic---8------0-----------, Shoe Beasts
https://theestablishment.co/miley-cyrus-image-makeover-shows-why-black-people-fight-for-their-culture-ada67f9749b5?source=topic---8------1-----------, Miley Cyrus‚Äô Makeover Shows Why Black People Fight For Their Culture
https://medium.com/@JaggerBlaec, 
https://theestablishment.co/@JaggerBlaec, Jagger Blaec
https://medium.com/the-omnivore/no-literature-is-never-really-about-the-story-a8c36111a87?source=topic---8------2-----------, No, literature is never really about the story
https://medium.com/@muddle, 
https://theringer.com/13-reasons-why-netflix-second-season-success-controversy-a2c4a868dc00?source=topic---8------0-----------, ‚Äò13 Reasons Why‚Äô Is a Huge Success, and an Even Bigger Source of Controversy
https://medium.com/defiant/dear-white-people-makes-a-great-case-for-the-pop-culture-do-over-48f03ecaae2c?source=topic---8------1-----------, ‚ÄòDear White People‚Äô Makes a Great Case for the Pop-Culture Do-Over
https://medium.com/@mjgault, 
https://medium.com/@tituswillis/the-gospel-according-to-kendrick-39af948dfd1?source=topic---8------2-----------, The Gospel According to Kendrick
https://medium.com/@tituswillis, 
https://medium.com/@mshannabrooks/your-mom-worked-out-in-a-thong-4ad52123048e?source=topic---8------0-----------, Your Mom Worked Out in a Thong
https://timeline.com/ugly-american-burdick-lederer-511f37a41590?source=topic---8------2-----------, ‚ÄòThe Ugly American‚Äô was a scathing critique of our bad behavior abroad‚Äîand it became a best¬†seller
https://medium.com/@allen.mcduffee, 
https://timeline.com/@allen.mcduffee, Allen McDuffee
https://medium.com/fansplaining/dont-meet-your-idols-b26c0d667e4?source=topic---8------3-----------, (Don‚Äôt) Meet Your¬†Idols
https://medium.com/@allysongross, 
https://thehairpin.com/when-you-picture-robin-hood-what-do-you-see-9e4d855eb8c2?source=topic---8------1-----------, When You Picture Robin Hood, What Do You See?
https://medium.com/@rosalyster, 
https://thehairpin.com/@rosalyster, Rosa Lyster
https://theestablishment.co/the-essential-resistance-reading-list-7b741922f32c?source=topic---8------4-----------, The Essential Resistance Reading¬†List
https://medium.com/@cecilianowell, 
https://theestablishment.co/@cecilianowell, Cecilia Nowell
https://melmagazine.com/all-the-things-being-called-the-new-status-symbol-6ac3b58324b5?source=topic---8------0-----------, All the Things Being Called the ‚ÄòNew Status Symbol‚Äô
https://thebuckleyclub.com/which-millennial-are-you-695d2b9c26a1?source=topic---8------1-----------, Which Millennial Are You?
https://medium.com/@JayfromBrooklyn, 
https://thebuckleyclub.com/@JayfromBrooklyn, Jay W. Cobb
https://thehairpin.com/in-defense-of-paramores-hayley-williams-f396034d95b1?source=topic---8------2-----------, In Defense of Paramore‚Äôs Hayley Williams
https://medium.com/@katiesays_, 
https://thehairpin.com/@katiesays_, Katie Wojciechowski
https://medium.com/m/signin?redirect=https%3A%2F%2Fmedium.com%2Ftopic%2Fdigital-design, Sign in / Sign up
https://medium.com/startup-grind/can-digital-products-be-timeless-a04e30662029?source=topic---8------0-----------, Can Digital Products Be ‚ÄúTimeless?‚Äù
https://uxdesign.cc/the-evolution-process-from-a-junior-level-designer-to-becoming-a-design-lead-5cde5fe1668c?source=topic---8------2-----------, The Evolution Process From A Junior Level Designer To Becoming A Design¬†Lead
https://medium.com/@elliotsoren, 
https://medium.muz.li/the-horizontal-scroll-interface-46b8f69f54ff?source=topic---8------1-----------, The Horizontal Scroll Interface
https://medium.com/@Fabian.Frey, 
https://medium.com/@marcintreder/the-minimum-viable-design-system-75ca1806848a?source=topic---8------3-----------, The Minimum Viable Design¬†System
https://uxplanet.org/floating-action-button-in-ux-design-7dd06e49144e?source=topic---8------2-----------, Floating Action Button in UX¬†Design
https://medium.com/@101, 
https://uxplanet.org/@101, Nick Babich
https://medium.theuxblog.com/a-deep-dive-into-the-psychology-of-text-a7573999a251?source=topic---8------3-----------, A deep dive into the psychology of¬†text
https://medium.com/@usabilla, 
https://medium.theuxblog.com/@usabilla, Usabilla
https://uxdesign.cc/its-not-you-it-s-your-form-6585be014398?source=topic---8------1-----------, It‚Äôs not you, it‚Äôs your form
https://medium.com/@Mario_Quintana, 
https://uxdesign.cc/@Mario_Quintana, Mario Quintana
https://headspace.design/a-mindful-design-process-f4a4641ee88f?source=topic---8------4-----------, A Mindful Design¬†Process
https://medium.com/@frankchartrand, 
https://headspace.design/@frankchartrand, Fran√ßois Chartrand
https://uxplanet.org/design-principle-ikea-effect-2d908b2de81?source=topic---8------0-----------, Design principle: IKEA effect
https://medium.com/@antonnikolov, 
https://uxplanet.org/@antonnikolov, Anton Nikolov
https://medium.com/@chazhutton/8-excellent-tips-to-being-a-real-designer-d9105cf3b7a4?source=topic---8------1-----------, 8 excellent tips to being a real designer.
https://medium.com/@chazhutton, 
https://medium.com/@lauren_verhage/tough-questions-i-asked-myself-when-building-a-visual-brand-from-scratc-b893ae1d38d1?source=topic---8------2-----------, Tough Questions I Asked Myself When Building a Visual Brand from Scratch
https://ux.useronboard.com/bulletproof-user-onboarding-f34ee03f655f?source=topic---8------0-----------, Bulletproof User Onboarding
https://medium.com/@samuelhulick, 
https://ux.useronboard.com/@samuelhulick, Samuel Hulick
https://uxdesign.cc/meetup-a-usability-case-study-e909c33f1e3e?source=topic---8------1-----------, Meetup: A Usability Case Study
https://medium.com/@jessicachen.pdx, 
https://uxdesign.cc/@jessicachen.pdx, Jessica Chen
https://medium.muz.li/combining-humanities-and-technology-is-more-important-than-ever-for-user-experience-ux-f420114c22a0?source=topic---8------2-----------, Combining humanities and technology is more important than ever for User Experience (UX)
https://medium.com/@geunbaemikelee, 
https://medium.muz.li/@geunbaemikelee, Geunbae "GB" Lee
https://medium.com/ideo-stories/organizing-the-world-of-fonts-with-ai-7d9e49ff2b25?source=topic---8------0-----------, Organizing the World of Fonts with AI
https://medium.com/@kho98, 
https://uxplanet.org/best-practices-for-buttons-b7048479d440?source=topic---8------2-----------, Best Practices for¬†Buttons
https://medium.com/@luxlongo, 
https://uxplanet.org/@luxlongo, Luca Longo
https://blog.prototypr.io/interviewing-designers-for-gods-sake-don-t-give-them-homework-8b0bd271de0b?source=topic---8------3-----------, Interviewing designers? For God‚Äôs sake, don‚Äôt give them¬†homework
https://medium.com/@MetaphysicsMonster, 
https://blog.prototypr.io/@MetaphysicsMonster, Isabela Carvalho
https://npr.design/kids-co-design-the-darndest-things-494c094a35b7?source=topic---8------1-----------, Kids Co-Design the Darndest Things
https://medium.com/@lbawcombe, 
https://npr.design/@lbawcombe, Libby Bawcombe
https://ux.shopify.com/product-illustration-for-people-who-dont-know-anything-about-product-illustration-3f43d7b2ec06?source=topic---8------4-----------, Product Illustration for people who don‚Äôt know anything about product illustration
https://medium.com/@megdraws, 
https://ux.shopify.com/@megdraws, Meg Robichaud
https://medium.com/microsoft-design/learning-by-doing-and-other-design-lessons-ec67c54b0a9a?source=topic---8------0-----------, Learning by Doing and Other Design Lessons
https://medium.com/@DavidBetzCreative, 
https://medium.com/startup-grind/how-to-not-suck-at-design-a-5-minute-guide-for-the-non-designer-291efac43037?source=topic---8------1-----------, How to not suck at design, a 5 minute guide for the non-designer.
https://medium.com/@hemeon, 
https://blog.prototypr.io/why-writing-is-the-most-important-skill-in-design-44ec3e616827?source=topic---8------2-----------, Why writing is the most important skill in design.
https://medium.com/@yazinakkawi, 
https://blog.prototypr.io/@yazinakkawi, Yazin Akkawi
https://uxplanet.org/storyboarding-in-ux-design-b9d2e18e5fab?source=topic---8------0-----------, Storyboarding in UX Design
https://uxdesign.cc/the-new-skeuomorphism-is-in-your-voice-assistant-3b14a6553a0e?source=topic---8------1-----------, The New Skeuomorphism is in Your Voice Assistant
https://medium.com/@bertbrautigam, 
https://uxdesign.cc/@bertbrautigam, Bert Brautigam
https://medium.com/m/signin?redirect=https%3A%2F%2Fmedium.com%2Ftopic%2Fpolitics, Sign in / Sign up
https://arcdigital.media/you-cant-fight-fascism-with-fascism-liberals-4a37a8dae56d?source=topic---8------0-----------, You Can‚Äôt Fight Fascism With Fascism, Liberals
https://medium.com/@thorbenson, 
https://thinkprogress.org/did-donald-trump-just-write-his-own-articles-of-impeachment-29d3d4b8fff5?source=topic---8------2-----------, Did Donald Trump just write his own articles of impeachment?
https://medium.com/@JuddLegum, 
https://rantt.com/the-fbi-does-not-serve-at-the-pleasure-of-any-president-they-serve-the-rule-of-law-dc678c38fc7a?source=topic---8------1-----------, The FBI Does Not ‚ÄúServe At The Pleasure‚Äù Of Any President, They Serve The Rule Of Law
https://medium.com/@freddiedeboer/politics-as-politics-12ab43429e64?source=topic---8------3-----------, politics as¬†politics
https://extranewsfeed.com/the-comey-affair-and-trumps-truculence-f3328ca6198f?source=topic---8------0-----------, The Comey Affair and Trump‚Äôs Truculence
https://medium.com/@reedgalen, 
https://medium.com/@jeremynfassler/the-left-needs-to-acknowledge-its-sexism-e890adbd6e?source=topic---8------2-----------, The Left Needs To Acknowledge Its¬†Sexism
https://medium.com/@jeremynfassler, 
https://medium.com/@CursedObject/this-is-how-you-should-feel-about-the-firing-of-fbi-director-james-comey-7601d5d397a2?source=topic---8------3-----------, This is how you should feel about the firing of FBI Director James¬†Comey.
https://medium.com/@CursedObject, 
https://medium.com/theyoungturks/parsing-the-comey-firing-1d07a4da44b9?source=topic---8------1-----------, Parsing The Comey Firing
https://medium.com/@mtracey, 
https://medium.com/@hankgreen/james-comey-situation-brief-overview-last-revised-5-10-17-b262ee4439e0?source=topic---8------4-----------, James Comey Situation, Brief Overview Last Revised:¬†5/10/17
https://medium.com/@hankgreen, 
https://thinkprogress.org/teens-grill-rep-tom-macarthur-over-whether-rape-is-a-pre-existing-condition-ebf6e50a0001?source=topic---8------0-----------, Teens grill the congressman who saved Trumpcare over whether rape is a pre-existing condition
https://medium.com/@RayOfLaurel, 
https://thinkprogress.org/@RayOfLaurel, Laurel Raymond
https://medium.com/@davepell/home-james-10-quick-thoughts-about-the-comey-firing-9d2a7cddaa63?source=topic---8------1-----------, Home, James ‚Äî 10 Quick Thoughts About the Comey Firing
https://thebuckleyclub.com/conservative-women-and-the-f-word-silence-no-more-ddbe81fd6e1a?source=topic---8------2-----------, Conservative Women and The F-Word: Silence No More
https://medium.com/@msgoddessrises, 
https://thebuckleyclub.com/@msgoddessrises, Tracy Downey
https://medium.com/center-for-strategic-and-international-studies/what-its-like-to-negotiate-with-north-korea-31dff103694d?source=topic---8------0-----------, What It‚Äôs Like to Negotiate with North Korea
https://medium.com/@csis, 
https://medium.com/the-daily-collection/the-political-isolation-of-james-comey-69a4e3e3fcc1?source=topic---8------1-----------, The Political Isolation of James Comey
https://medium.com/@thesources, 
https://extranewsfeed.com/full-circle-yates-testifies-and-trump-learns-that-words-matter-78b070cc774f?source=topic---8------2-----------, Full Circle ‚Äî Yates Testifies and Trump Learns That Words Matter
https://medium.com/@jakethornhill, 
https://extranewsfeed.com/@jakethornhill, Jake Thornhill
https://extranewsfeed.com/learning-from-france-ff57bcb78eff?source=topic---8------0-----------, Learning from France
https://medium.com/@terryschwadron, 
https://extranewsfeed.com/@terryschwadron, Terry Schwadron
https://medium.com/aclu/his-name-is-omar-jadwat-and-hes-the-aclu-lawyer-arguing-against-the-muslim-ban-71c5ec921723?source=topic---8------2-----------, His Name Is Omar Jadwat, and He‚Äôs the ACLU Lawyer Arguing Against the Muslim¬†Ban.
https://medium.com/@aclu, 
https://medium.com/@tripphudgins/whiteness-is-us-politics-6f5251c3c4db?source=topic---8------3-----------, Whiteness is US¬†Politics
https://medium.com/@tripphudgins, 
https://medium.com/@lauraolin/ask-a-woman-to-run-for-office-do-it-today-ca2d7c35c0b1?source=topic---8------1-----------, Ask a Woman to Run for Office. Do It Today.
https://medium.com/@lauraolin, 
https://healthcareinamerica.us/the-lies-trump-tells-on-health-care-456cb8b89d76?source=topic---8------4-----------, The lies Trump tells on health¬†care
https://medium.com/@patricktross, 
https://healthcareinamerica.us/@patricktross, Patrick Ross
https://medium.com/@intldogooder/its-the-end-of-foreign-aid-as-we-know-it-and-i-feel-fine-45d9513111e0?source=topic---8------0-----------, It‚Äôs the end of foreign aid as we know it, and I feel fine
https://medium.com/@intldogooder, 
https://tipolitics.com/macrons-victory-demolishes-the-russia-made-trump-president-myth-deaa22feb4dd?source=topic---8------1-----------, Macron‚Äôs Victory Demolishes the ‚ÄúRussia Made Trump President‚Äù Myth
https://medium.com/@austinfrank, 
https://tipolitics.com/@austinfrank, Austin Frank
https://medium.com/@Brookings/trumps-staffing-record-in-the-first-100-days-was-slow-but-not-catastrophic-e9441696674d?source=topic---8------2-----------, Trump‚Äôs staffing record in the first 100 days was slow, but not catastrophic
https://medium.com/@Brookings, 
https://rantt.com/meet-the-former-nfl-linebacker-running-for-congress-in-texas-1013e71d3f1d?source=topic---8------0-----------, Meet The Former NFL Linebacker Running For Congress In Texas
https://medium.com/@MatthewReynaTX, 
https://rantt.com/@MatthewReynaTX, Matthew Reyna
https://medium.com/@GWBPC/the-importance-of-speaking-truth-to-tyrants-8454476e70fb?source=topic---8------1-----------, The Importance of Speaking Truth to¬†Tyrants
https://medium.com/@GWBPC, 
https://medium.com/m/signin?redirect=https%3A%2F%2Fmedium.com%2Ftopic%2Fwork, Sign in / Sign up
https://uxdesign.cc/up-up-and-away-finding-jobs-that-maximize-learning-5520cff15f24?source=topic---8------0-----------, Up, up, and away: Finding jobs that maximize learning
https://medium.com/@lakshmoo, 
https://uxdesign.cc/@lakshmoo, Lakshmi Mani
https://medium.com/the-year-of-the-looking-glass/keeping-morale-afloat-a9e0cef34211?source=topic---8------2-----------, Keeping Morale¬†Afloat
https://theindex.generalassemb.ly/forget-networking-build-a-community-b981bdae9bc?source=topic---8------1-----------, Forget Networking‚Ää‚Äî‚ÄäBuild a Community
https://medium.com/@robgoodman, 
https://theindex.generalassemb.ly/@robgoodman, rob goodman
https://medium.com/startup-grind/ways-to-get-people-to-do-things-they-dont-want-to-do-393f8683f900?source=topic---8------3-----------, Ways To Get People To Do Things They Don‚Äôt Want To¬†Do
https://medium.com/@nireyal, 
https://medium.com/@jakek/taking-some-old-advice-d48b94175de8?source=topic---8------0-----------, Taking some old advice
https://journal.thriveglobal.com/you-hired-an-assistant-now-what-f6abacff931f?source=topic---8------2-----------, You Hired an Assistant. Now¬†What?!
https://medium.com/@brookestone, 
https://theestablishment.co/the-flexibility-myth-about-female-academics-is-wrong-7d0590d8f393?source=topic---8------3-----------, The ‚ÄòFlexibility Myth‚Äô About Female Academics Is¬†Wrong
https://medium.learningbyshipping.com/management-is-not-about-asking-people-to-do-stuff-88f105c61838?source=topic---8------1-----------, Management is not about asking people to do stuff
https://medium.com/@stevesi, 
https://thinkprogress.org/ivanka-trump-women-who-work-book-865307581d8e?source=topic---8------4-----------, For Ivanka Trump, the majority of working women don‚Äôt count as ‚ÄòWomen Who¬†Work‚Äô
https://medium.com/@brycecovert, 
https://thinkprogress.org/@brycecovert, Bryce Covert
https://medium.com/swlh/how-to-stop-checking-your-email-messengers-and-social-networks-c9ee300398ae?source=topic---8------0-----------, How to stop checking your email, messengers, and social networks
https://medium.com/@pisarevsky, 
https://medium.com/art-of-practicality/to-everyone-who-feels-behind-your-work-matters-9c5058c322aa?source=topic---8------1-----------, To Everyone Who Feels Behind: Your Work Matters
https://medium.com/@dariusforoux, 
https://m.signalvnoise.com/the-9-questions-that-uncover-the-most-surprising-insights-from-employees-b7bc0d20ede8?source=topic---8------2-----------, The 9 questions that uncover the most surprising insights from employees
https://medium.com/@cjlew23, 
https://m.signalvnoise.com/@cjlew23, Claire Lew
https://medium.com/nordic-creative/reconsidering-work-settings-according-to-science-40058fb59fdb?source=topic---8------0-----------, Reconsidering Work Settings According to Science
https://medium.com/@LauraKrsmaa, 
https://medium.com/thoughts-from-femke/how-to-turn-a-no-into-a-yes-a09aada49fc0?source=topic---8------1-----------, How to turn a no into a yes
https://medium.com/@femkesvs, 
https://hackernoon.com/dear-start-up-ceo-dont-hate-me-because-i-work-in-hr-bb61c9ee52a3?source=topic---8------2-----------, Dear Start-Up CEO ‚Äî Don‚Äôt Hate Me Because I Work in HR
https://medium.com/@JasmineRamratan, 
https://hackernoon.com/@JasmineRamratan, Jasmine Ramratan
https://hackernoon.com/productivity-tips-for-procrastinators-who-work-from-home-caa633b8d12c?source=topic---8------0-----------, Productivity tips for procrastinators who work from home
https://medium.com/@fwouts, 
https://hackernoon.com/@fwouts, Fran√ßois Wouts
https://medium.freecodecamp.com/we-asked-20-000-people-who-they-are-and-how-theyre-learning-to-code-fff5d668969?source=topic---8------2-----------, We asked 20,000 people who they are and how they‚Äôre learning to¬†code
https://medium.com/@quincylarson, 
https://medium.freecodecamp.com/@quincylarson, Quincy Larson
https://theindex.generalassemb.ly/an-employer-guide-to-investing-in-talent-64e649db83f1?source=topic---8------3-----------, An Employer Guide to Investing in¬†Talent
https://medium.com/@ga, 
https://theindex.generalassemb.ly/@ga, General Assembly
https://medium.com/wieden-kennedy/how-to-catch-lightning-in-a-bottle-a6bd10994086?source=topic---8------1-----------, How To Catch Lightning In A Bottle
https://medium.com/@WiedenKennedy, 
https://thecoffeelicious.com/how-to-help-dead-people-c495a2c3d530?source=topic---8------4-----------, How To Help Dead¬†People
https://medium.com/@johnpweiss, 
https://thecoffeelicious.com/@johnpweiss, John P. Weiss
https://thebillfold.com/are-these-interns-earning-too-much-420a370de600?source=topic---8------0-----------, Are These Interns Earning TOO MUCH?
https://medium.com/@NicoleDieker, 
https://thebillfold.com/@NicoleDieker, Nicole Dieker
https://medium.com/ideas-by-design/why-im-optimistic-about-the-future-of-work-robots-and-all-e6ea4725eabd?source=topic---8------1-----------, Why I‚Äôm Optimistic about the Future of Work, Robots and All
https://medium.com/@autodesk, 
https://medium.com/@camillastore/working-girl-the-big-secret-to-womens-success-that-no-one-s-talking-about-a8dca2cd690?source=topic---8------2-----------, Working girl ‚Äî the big secret to women‚Äôs success that no-one‚Äôs talking about.
https://medium.com/@camillastore, 
https://medium.com/product-hunt/the-coolest-workstation-fe8c38138f72?source=topic---8------0-----------, The Coolest Workstations üë©‚Äçüíªüë®‚Äçüíª
https://medium.com/@producthunt, 
https://medium.com/@thinmatt/decisions-mountains-and-the-gift-of-being-wrong-834e35db373f?source=topic---8------1-----------, Decisions, mountains, and the gift of being wrong.
https://medium.com/@thinmatt, 
https://medium.com/startupsco/validate-your-startup-idea-before-building-anything-823fe7183d76?source=topic---8------2-----------, Validate your startup idea before building anything
https://medium.com/@Startups.co, 
